{"mean": {"Performance_Ratio": 0.07726138074277335, "PR_Z_SCORE": 0.07655443129632811, "PR_30DAY_AVG": 0.0031726976504887873, "Daily_kWh": 0.0007088549705596692, "PR_LAG3": 0.00010480382629248774, "kWh_elec_per_day": 7.431544046193617e-05, "PR_14DAY_AVG": 4.763810286022574e-05, "DOY_COS": 7.622096457637895e-06, "TEMP_7DAY_AVG": 1.9055241144094738e-06, "PR_7DAY_STD": -7.62209645761569e-06, "PR_LAG1": -1.333866880083301e-05, "PR_7DAY_TREND": -1.7149717029651956e-05, "ALLSKY_SFC_SW_DWN": -1.7149717029651956e-05, "SOLAR_7DAY_AVG": -2.286628937290258e-05, "T2M": -2.4771813487312055e-05, "DOY_SIN": -2.667733760173263e-05, "PR_3DAY_AVG": -3.620495817374669e-05, "Daily_kWh_7DAY_AVG": -4.001600640253233e-05, "SOLAR_RATIO": -0.00011052039863560515}, "std": {"ALLSKY_SFC_SW_DWN": 4.624577869056931e-05, "T2M": 1.9150280342831914e-05, "TEMP_7DAY_AVG": 1.3338668800866317e-05, "SOLAR_7DAY_AVG": 1.1433144686460542e-05, "SOLAR_RATIO": 6.308407308538321e-05, "Performance_Ratio": 0.010400916183519135, "PR_3DAY_AVG": 2.3259886079640032e-05, "PR_14DAY_AVG": 5.857743535102305e-05, "PR_30DAY_AVG": 0.0006646565353259054, "PR_7DAY_STD": 0.00017695743846101418, "PR_Z_SCORE": 0.01009442384522728, "PR_7DAY_TREND": 2.164259359289411e-05, "PR_LAG1": 3.414027109354164e-05, "PR_LAG3": 5.539145888353387e-05, "Daily_kWh": 0.0003853495580255454, "Daily_kWh_7DAY_AVG": 5.992562813128913e-05, "kWh_elec_per_day": 7.737929649667826e-05, "DOY_SIN": 1.5244192915275788e-05, "DOY_COS": 1.263981703294096e-05}}